{"flutter":{"platforms":{"android":{"default":{"projectId":"spotify0101","appId":"1:426509858399:android:a9f0dd91f4d88cb2264dea","fileOutput":"android/app/google-services.json"}},"dart":{"lib/firebase_options.dart":{"projectId":"spotify0101","configurations":{"android":"1:426509858399:android:a9f0dd91f4d88cb2264dea","ios":"1:426509858399:ios:78d9d14dc192a583264dea","macos":"1:426509858399:ios:78d9d14dc192a583264dea","web":"1:426509858399:web:4b4738cef4e35016264dea","windows":"1:426509858399:web:7367e344006c4003264dea"}}}}}}